filename,label
fig001_001.jpg,1
fig001_002.jpg,1
fig001_003.jpg,1
fig001_004.jpg,1
fig001_005.jpg,1
fig001_006.jpg,1
fig001_007.jpg,1
fig001_008.jpg,1
fig001_009.jpg,1
fig001_010.jpg,1
fig002_001.jpg,1
fig002_002.jpg,1
fig002_003.jpg,1
fig002_004.jpg,1
fig002_005.jpg,1
fig002_006.jpg,1
fig002_007.jpg,1
fig002_008.jpg,1
fig002_009.jpg,1
fig002_010.jpg,1
fig005_001.jpg,1
fig005_002.jpg,1
fig005_003.jpg,1
fig005_004.jpg,1
fig005_005.jpg,1
fig005_006.jpg,1
fig005_007.jpg,1
fig005_008.jpg,1
fig005_009.jpg,1
fig005_010.jpg,1
fig005_011.jpg,1
fig005_012.jpg,1
fig007_001.jpg,1
fig007_002.jpg,1
fig007_003.jpg,1
fig007_004.jpg,1
fig007_005.jpg,1
fig007_006.jpg,1
fig007_007.jpg,1
fig007_008.jpg,1
fig007_009.jpg,1
fig007_010.jpg,1
fig007_011.jpg,1
fig007_012.jpg,1
fig008_001.jpg,1
fig008_002.jpg,1
fig008_003.jpg,1
fig008_004.jpg,1
fig008_005.jpg,1
fig008_006.jpg,1
fig008_007.jpg,1
fig008_008.jpg,1
fig008_009.jpg,1
fig008_010.jpg,1
fig008_011.jpg,1
fig009_001.jpg,1
fig009_002.jpg,1
fig009_003.jpg,1
fig009_004.jpg,1
fig009_005.jpg,1
fig009_006.jpg,1
fig009_007.jpg,1
fig009_008.jpg,1
fig009_009.jpg,1
fig009_010.jpg,1
fig009_011.jpg,1
fig009_012.jpg,1
fig012_001.jpg,1
fig012_002.jpg,1
fig012_003.jpg,1
fig012_004.jpg,1
fig012_005.jpg,1
fig012_006.jpg,1
fig012_007.jpg,1
fig013_001.jpg,1
fig013_002.jpg,1
fig013_003.jpg,1
fig013_004.jpg,1
fig013_005.jpg,1
fig013_006.jpg,1
fig013_007.jpg,1
fig014_001.jpg,1
fig014_002.jpg,1
fig014_003.jpg,1
fig014_004.jpg,1
fig014_005.jpg,1
fig014_006.jpg,1
fig014_007.jpg,1
fig015_001.jpg,1
fig015_002.jpg,1
fig015_003.jpg,1
fig015_004.jpg,1
fig015_005.jpg,1
fig015_006.jpg,1
fig015_007.jpg,1
fig015_008.jpg,1
fig016_001.jpg,1
fig016_002.jpg,1
fig016_003.jpg,1
fig016_004.jpg,1
fig016_005.jpg,1
fig016_006.jpg,1
fig016_007.jpg,1
fig016_008.jpg,1
fig017_001.jpg,1
fig017_002.jpg,1
fig017_003.jpg,1
fig017_004.jpg,1
fig017_005.jpg,1
fig017_006.jpg,1
fig017_007.jpg,1
fig017_008.jpg,1
fig018_001.jpg,1
fig018_002.jpg,1
fig018_003.jpg,1
fig018_004.jpg,1
fig018_005.jpg,1
fig018_006.jpg,1
fig018_007.jpg,1
fig018_008.jpg,1
fig018_009.jpg,1
fig018_010.jpg,1
fig018_011.jpg,1
fig019_001.jpg,1
fig019_002.jpg,1
fig019_003.jpg,1
fig019_004.jpg,1
fig019_005.jpg,1
fig019_006.jpg,1
fig019_007.jpg,1
fig019_008.jpg,1
fig019_009.jpg,1
fig019_010.jpg,1
fig019_011.jpg,1
fig020_001.jpg,1
fig020_002.jpg,1
fig020_003.jpg,1
fig020_004.jpg,1
fig020_005.jpg,1
fig020_006.jpg,1
fig020_007.jpg,1
fig020_008.jpg,1
fig020_009.jpg,1
fig020_010.jpg,1
fig020_011.jpg,1
fig021_001.jpg,1
fig021_002.jpg,1
fig021_003.jpg,1
fig021_004.jpg,1
fig021_005.jpg,1
fig021_006.jpg,1
fig021_007.jpg,1
fig021_008.jpg,1
fig021_009.jpg,1
fig021_010.jpg,1
fig021_011.jpg,1
fig022_001.jpg,1
fig022_002.jpg,1
fig022_003.jpg,1
fig022_004.jpg,1
fig022_005.jpg,1
fig022_006.jpg,1
fig022_007.jpg,1
fig022_008.jpg,1
fig022_009.jpg,1
fig022_010.jpg,1
fig022_011.jpg,1
fig023_001.jpg,1
fig023_002.jpg,1
fig023_003.jpg,1
fig023_004.jpg,1
fig023_005.jpg,1
fig023_006.jpg,1
fig023_007.jpg,1
fig023_008.jpg,1
fig023_009.jpg,1
fig023_010.jpg,1
fig025_001.jpg,1
fig025_002.jpg,1
fig025_003.jpg,1
fig025_004.jpg,1
fig025_005.jpg,1
fig025_006.jpg,1
fig025_007.jpg,1
fig025_008.jpg,1
fig025_009.jpg,1
fig025_010.jpg,1
fig027_001.jpg,1
fig027_002.jpg,1
fig027_003.jpg,1
fig027_004.jpg,1
fig027_005.jpg,1
fig027_006.jpg,1
fig027_007.jpg,1
fig027_008.jpg,1
fig027_009.jpg,1
fig027_010.jpg,1
fig027_011.jpg,1
fig027_012.jpg,1
fig028_001.jpg,1
fig028_002.jpg,1
fig028_003.jpg,1
fig028_004.jpg,1
fig028_005.jpg,1
fig028_006.jpg,1
fig028_007.jpg,1
fig028_008.jpg,1
fig028_009.jpg,1
fig028_010.jpg,1
fig029_001.jpg,1
fig029_002.jpg,1
fig029_003.jpg,1
fig029_004.jpg,1
fig029_005.jpg,1
fig029_006.jpg,1
fig029_007.jpg,1
fig029_008.jpg,1
fig029_009.jpg,1
fig029_010.jpg,1
fig033_001.jpg,1
fig033_002.jpg,1
fig033_003.jpg,1
fig033_004.jpg,1
fig033_005.jpg,1
fig033_006.jpg,1
fig033_007.jpg,1
fig033_008.jpg,1
fig035_001.jpg,1
fig035_002.jpg,1
fig035_003.jpg,1
fig035_004.jpg,1
fig035_005.jpg,1
fig035_006.jpg,1
fig035_007.jpg,1
fig035_008.jpg,1
fig035_009.jpg,1
fig036_001.jpg,1
fig036_002.jpg,1
fig036_003.jpg,1
fig036_004.jpg,1
fig036_005.jpg,1
fig036_006.jpg,1
fig036_007.jpg,1
fig036_008.jpg,1
fig036_009.jpg,1
fig036_010.jpg,1
fig037_001.jpg,1
fig037_002.jpg,1
fig037_003.jpg,1
fig037_004.jpg,1
fig037_005.jpg,1
fig037_006.jpg,1
fig037_007.jpg,1
fig037_008.jpg,1
fig037_009.jpg,1
fig038_001.jpg,1
fig038_002.jpg,1
fig038_003.jpg,1
fig038_004.jpg,1
fig038_005.jpg,1
fig038_006.jpg,1
fig038_007.jpg,1
fig038_008.jpg,1
fig038_009.jpg,1
fig038_010.jpg,1
easy_002.jpg,0
easy_003.jpg,0
easy_004.jpg,0
easy_005.jpg,0
easy_006.jpg,0
easy_009.jpg,0
easy_011.jpg,0
easy_012.jpg,0
easy_013.jpg,0
easy_014.jpg,0
easy_015.jpg,0
easy_016.jpg,0
easy_018.jpg,0
easy_020.jpg,0
easy_021.jpg,0
easy_022.jpg,0
easy_023.jpg,0
easy_024.jpg,0
easy_025.jpg,0
easy_027.jpg,0
easy_028.jpg,0
easy_030.jpg,0
easy_031.jpg,0
easy_032.jpg,0
easy_033.jpg,0
easy_034.jpg,0
easy_035.jpg,0
easy_037.jpg,0
easy_038.jpg,0
easy_040.jpg,0
easy_041.jpg,0
easy_042.jpg,0
easy_044.jpg,0
easy_046.jpg,0
easy_048.jpg,0
easy_051.jpg,0
easy_054.jpg,0
easy_056.jpg,0
easy_057.jpg,0
easy_058.jpg,0
easy_059.jpg,0
easy_060.jpg,0
easy_061.jpg,0
easy_062.jpg,0
easy_063.jpg,0
easy_064.jpg,0
easy_066.jpg,0
easy_069.jpg,0
easy_070.jpg,0
easy_071.jpg,0
easy_072.jpg,0
easy_075.jpg,0
easy_076.jpg,0
easy_078.jpg,0
easy_080.jpg,0
easy_081.jpg,0
easy_082.jpg,0
easy_083.jpg,0
easy_084.jpg,0
easy_085.jpg,0
easy_086.jpg,0
easy_087.jpg,0
easy_089.jpg,0
easy_090.jpg,0
easy_091.jpg,0
easy_092.jpg,0
easy_093.jpg,0
easy_094.jpg,0
easy_095.jpg,0
easy_096.jpg,0
easy_097.jpg,0
easy_098.jpg,0
easy_101.jpg,0
easy_102.jpg,0
easy_103.jpg,0
easy_104.jpg,0
easy_106.jpg,0
easy_107.jpg,0
easy_110.jpg,0
easy_111.jpg,0
easy_113.jpg,0
easy_115.jpg,0
easy_117.jpg,0
easy_118.jpg,0
easy_120.jpg,0
easy_121.jpg,0
easy_126.jpg,0
easy_127.jpg,0
easy_128.jpg,0
easy_129.jpg,0
easy_131.jpg,0
easy_132.jpg,0
easy_133.jpg,0
easy_134.jpg,0
easy_136.jpg,0
easy_138.jpg,0
easy_139.jpg,0
easy_140.jpg,0
easy_141.jpg,0
easy_142.jpg,0
easy_145.jpg,0
easy_146.jpg,0
easy_147.jpg,0
easy_148.jpg,0
easy_149.jpg,0
easy_150.jpg,0
easy_151.jpg,0
easy_152.jpg,0
easy_154.jpg,0
easy_156.jpg,0
easy_158.jpg,0
easy_159.jpg,0
easy_160.jpg,0
easy_161.jpg,0
easy_162.jpg,0
easy_163.jpg,0
easy_164.jpg,0
easy_165.jpg,0
easy_166.jpg,0
easy_167.jpg,0
easy_169.jpg,0
easy_171.jpg,0
easy_175.jpg,0
easy_177.jpg,0
easy_178.jpg,0
easy_181.jpg,0
easy_183.jpg,0
easy_184.jpg,0
easy_185.jpg,0
easy_186.jpg,0
easy_188.jpg,0
easy_189.jpg,0
easy_190.jpg,0
easy_191.jpg,0
easy_192.jpg,0
easy_194.jpg,0
easy_195.jpg,0
easy_196.jpg,0
easy_199.jpg,0
easy_201.jpg,0
easy_202.jpg,0
easy_203.jpg,0
easy_206.jpg,0
easy_208.jpg,0
easy_209.jpg,0
easy_210.jpg,0
easy_212.jpg,0
easy_216.jpg,0
easy_221.jpg,0
easy_223.jpg,0
easy_225.jpg,0
easy_226.jpg,0
easy_227.jpg,0
easy_228.jpg,0
easy_231.jpg,0
easy_232.jpg,0
easy_233.jpg,0
easy_234.jpg,0
easy_235.jpg,0
easy_236.jpg,0
easy_237.jpg,0
easy_238.jpg,0
easy_239.jpg,0
easy_241.jpg,0
easy_243.jpg,0
easy_244.jpg,0
easy_245.jpg,0
easy_246.jpg,0
easy_248.jpg,0
easy_249.jpg,0
easy_251.jpg,0
easy_252.jpg,0
easy_255.jpg,0
easy_256.jpg,0
easy_260.jpg,0
easy_263.jpg,0
easy_264.jpg,0
easy_265.jpg,0
easy_266.jpg,0
easy_268.jpg,0
easy_269.jpg,0
easy_272.jpg,0
easy_273.jpg,0
easy_274.jpg,0
easy_275.jpg,0
easy_276.jpg,0
easy_278.jpg,0
easy_279.jpg,0
easy_280.jpg,0
easy_281.jpg,0
easy_282.jpg,0
easy_286.jpg,0
easy_287.jpg,0
easy_288.jpg,0
easy_289.jpg,0
easy_290.jpg,0
easy_292.jpg,0
easy_293.jpg,0
easy_294.jpg,0
easy_295.jpg,0
easy_296.jpg,0
easy_297.jpg,0
easy_298.jpg,0
easy_299.jpg,0
funko_003.jpg,0
funko_005.jpg,0
funko_006.jpg,0
funko_007.jpg,0
funko_008.jpg,0
funko_010.jpg,0
funko_012.jpg,0
funko_013.jpg,0
funko_014.jpg,0
funko_016.jpg,0
funko_017.jpg,0
funko_018.jpg,0
funko_020.jpg,0
funko_021.jpg,0
funko_022.jpg,0
funko_023.jpg,0
funko_025.jpg,0
funko_026.jpg,0
funko_027.jpg,0
funko_028.jpg,0
funko_030.jpg,0
funko_031.jpg,0
funko_032.jpg,0
funko_034.jpg,0
funko_035.jpg,0
funko_037.jpg,0
funko_038.jpg,0
funko_043.jpg,0
funko_045.jpg,0
funko_047.jpg,0
funko_048.jpg,0
funko_049.jpg,0
funko_051.jpg,0
funko_052.jpg,0
funko_055.jpg,0
funko_056.jpg,0
funko_057.jpg,0
funko_059.jpg,0
funko_060.jpg,0
funko_061.jpg,0
funko_065.jpg,0
funko_066.jpg,0
funko_067.jpg,0
funko_068.jpg,0
funko_069.jpg,0
funko_070.jpg,0
funko_072.jpg,0
funko_073.jpg,0
funko_075.jpg,0
funko_076.jpg,0
funko_077.jpg,0
funko_078.jpg,0
funko_079.jpg,0
funko_081.jpg,0
funko_082.jpg,0
funko_083.jpg,0
funko_084.jpg,0
funko_085.jpg,0
funko_086.jpg,0
funko_087.jpg,0
funko_088.jpg,0
funko_089.jpg,0
funko_090.jpg,0
funko_091.jpg,0
funko_093.jpg,0
funko_094.jpg,0
funko_096.jpg,0
funko_097.jpg,0
funko_099.jpg,0
funko_100.jpg,0
funko_101.jpg,0
funko_103.jpg,0
funko_104.jpg,0
funko_106.jpg,0
funko_108.jpg,0
funko_109.jpg,0
funko_111.jpg,0
funko_112.jpg,0
funko_114.jpg,0
funko_115.jpg,0
funko_116.jpg,0
funko_117.jpg,0
funko_119.jpg,0
funko_120.jpg,0
funko_121.jpg,0
funko_122.jpg,0
funko_123.jpg,0
funko_125.jpg,0
funko_128.jpg,0
funko_129.jpg,0
funko_130.jpg,0
funko_132.jpg,0
funko_141.jpg,0
funko_142.jpg,0
funko_144.jpg,0
funko_145.jpg,0
funko_147.jpg,0
funko_149.jpg,0
funko_150.jpg,0
funko_152.jpg,0
funko_153.jpg,0
funko_154.jpg,0
funko_155.jpg,0
funko_156.jpg,0
funko_157.jpg,0
funko_159.jpg,0
funko_164.jpg,0
funko_165.jpg,0
funko_166.jpg,0
funko_169.jpg,0
funko_170.jpg,0
funko_172.jpg,0
funko_173.jpg,0
funko_174.jpg,0
funko_175.jpg,0
funko_176.jpg,0
funko_177.jpg,0
funko_178.jpg,0
funko_180.jpg,0
funko_183.jpg,0
funko_184.jpg,0
funko_185.jpg,0
funko_186.jpg,0
funko_187.jpg,0
funko_188.jpg,0
funko_189.jpg,0
funko_191.jpg,0
funko_192.jpg,0
funko_194.jpg,0
funko_196.jpg,0
funko_197.jpg,0
funko_200.jpg,0
funko_201.jpg,0
funko_202.jpg,0
funko_203.jpg,0
funko_204.jpg,0
funko_205.jpg,0
funko_206.jpg,0
funko_207.jpg,0
funko_208.jpg,0
funko_209.jpg,0
funko_210.jpg,0
funko_211.jpg,0
funko_213.jpg,0
lego_build_002.jpg,0
lego_build_005.jpg,0
lego_build_006.jpg,0
lego_build_007.jpg,0
lego_build_008.jpg,0
lego_build_011.jpg,0
lego_build_012.jpg,0
lego_build_013.jpg,0
lego_build_017.jpg,0
lego_build_018.jpg,0
lego_build_019.jpg,0
lego_build_020.jpg,0
lego_build_021.jpg,0
lego_build_023.jpg,0
lego_build_024.jpg,0
lego_build_025.jpg,0
lego_build_027.jpg,0
lego_build_028.jpg,0
lego_build_029.jpg,0
lego_build_030.jpg,0
lego_build_032.jpg,0
lego_build_033.jpg,0
lego_build_035.jpg,0
lego_build_037.jpg,0
lego_build_038.jpg,0
lego_build_039.jpg,0
lego_build_040.jpg,0
lego_build_042.jpg,0
lego_build_047.jpg,0
lego_build_048.jpg,0
lego_build_049.jpg,0
lego_build_050.jpg,0
lego_build_052.jpg,0
lego_build_053.jpg,0
lego_build_054.jpg,0
lego_build_055.jpg,0
lego_build_057.jpg,0
lego_build_059.jpg,0
lego_build_061.jpg,0
lego_build_062.jpg,0
lego_build_064.jpg,0
lego_build_065.jpg,0
lego_build_066.jpg,0
lego_build_068.jpg,0
lego_build_070.jpg,0
lego_build_071.jpg,0
lego_build_072.jpg,0
lego_build_073.jpg,0
lego_build_075.jpg,0
lego_build_076.jpg,0
lego_build_078.jpg,0
lego_build_079.jpg,0
lego_build_080.jpg,0
lego_build_083.jpg,0
lego_build_084.jpg,0
lego_build_086.jpg,0
lego_build_087.jpg,0
lego_build_088.jpg,0
lego_build_090.jpg,0
lego_build_091.jpg,0
lego_build_092.jpg,0
lego_build_093.jpg,0
lego_build_094.jpg,0
lego_build_095.jpg,0
lego_build_096.jpg,0
lego_build_098.jpg,0
lego_build_099.jpg,0
lego_build_102.jpg,0
lego_build_103.jpg,0
lego_build_104.jpg,0
lego_build_105.jpg,0
lego_build_107.jpg,0
lego_build_108.jpg,0
lego_build_109.jpg,0
lego_build_110.jpg,0
lego_build_111.jpg,0
lego_build_112.jpg,0
lego_build_113.jpg,0
lego_build_115.jpg,0
lego_build_117.jpg,0
lego_build_118.jpg,0
lego_build_120.jpg,0
lego_build_121.jpg,0
lego_build_123.jpg,0
lego_build_125.jpg,0
lego_build_126.jpg,0
lego_build_129.jpg,0
lego_build_131.jpg,0
lego_build_132.jpg,0
lego_build_133.jpg,0
lego_build_134.jpg,0
lego_build_135.jpg,0
lego_build_136.jpg,0
lego_build_137.jpg,0
lego_build_138.jpg,0
lego_build_139.jpg,0
lego_build_141.jpg,0
lego_build_144.jpg,0
lego_build_145.jpg,0
lego_build_146.jpg,0
lego_build_147.jpg,0
lego_build_148.jpg,0
lego_build_149.jpg,0
lego_build_150.jpg,0
lego_build_153.jpg,0
lego_build_154.jpg,0
lego_build_155.jpg,0
lego_build_156.jpg,0
lego_build_163.jpg,0
lego_build_164.jpg,0
lego_build_165.jpg,0
lego_build_166.jpg,0
lego_build_167.jpg,0
lego_build_168.jpg,0
lego_build_169.jpg,0
lego_build_170.jpg,0
lego_build_171.jpg,0
lego_build_173.jpg,0
lego_build_174.jpg,0
lego_build_175.jpg,0
lego_build_176.jpg,0
lego_build_178.jpg,0
lego_build_179.jpg,0
lego_build_180.jpg,0
lego_build_181.jpg,0
lego_build_183.jpg,0
lego_build_185.jpg,0
lego_build_186.jpg,0
lego_build_187.jpg,0
lego_build_189.jpg,0
lego_build_190.jpg,0
lego_build_191.jpg,0
lego_build_192.jpg,0
lego_build_193.jpg,0
lego_build_194.jpg,0
lego_build_195.jpg,0
lego_build_197.jpg,0
lego_build_198.jpg,0
lego_build_199.jpg,0
lego_build_200.jpg,0
lego_build_201.jpg,0
lego_build_202.jpg,0
lego_build_203.jpg,0
lego_build_204.jpg,0
lego_build_205.jpg,0
lego_build_206.jpg,0
lego_build_207.jpg,0
lego_build_209.jpg,0
lego_build_210.jpg,0
lego_build_211.jpg,0
lego_build_212.jpg,0
lego_build_213.jpg,0
lego_build_214.jpg,0
lego_build_215.jpg,0
lego_build_216.jpg,0
lego_build_217.jpg,0
lego_build_219.jpg,0
lego_build_220.jpg,0
lego_build_222.jpg,0
lego_build_223.jpg,0
lego_build_224.jpg,0
lego_build_227.jpg,0
lego_build_228.jpg,0
lego_build_229.jpg,0
lego_build_230.jpg,0
lego_build_231.jpg,0
lego_build_233.jpg,0
lego_build_234.jpg,0
lego_build_236.jpg,0
lego_build_237.jpg,0
lego_build_238.jpg,0
lego_build_239.jpg,0
lego_build_241.jpg,0
lego_build_242.jpg,0
lego_build_244.jpg,0
lego_build_246.jpg,0
lego_build_247.jpg,0
lego_build_248.jpg,0
lego_build_249.jpg,0
lego_build_250.jpg,0
lego_build_253.jpg,0
lego_build_255.jpg,0
lego_build_257.jpg,0
lego_build_259.jpg,0
lego_build_260.jpg,0
lego_build_261.jpg,0
lego_build_262.jpg,0
lego_build_264.jpg,0
lego_build_265.jpg,0
lego_build_266.jpg,0
lego_build_268.jpg,0
lego_build_269.jpg,0
lego_build_270.jpg,0
lego_build_271.jpg,0
lego_build_274.jpg,0
lego_build_277.jpg,0
lego_build_278.jpg,0
lego_build_280.jpg,0
lego_build_281.jpg,0
lego_build_282.jpg,0
lego_build_283.jpg,0
lego_build_284.jpg,0
lego_build_285.jpg,0
lego_build_286.jpg,0
lego_build_288.jpg,0
lego_build_290.jpg,0
lego_build_291.jpg,0
lego_build_293.jpg,0
lego_build_295.jpg,0
lego_build_296.jpg,0
lego_build_297.jpg,0
lego_build_298.jpg,0
lego_build_299.jpg,0
lego_build_300.jpg,0
lego_build_301.jpg,0
lego_build_302.jpg,0
lego_build_303.jpg,0
lego_build_305.jpg,0
lego_build_306.jpg,0
lego_build_307.jpg,0
lego_build_308.jpg,0
lego_build_309.jpg,0
lego_build_310.jpg,0
lego_build_311.jpg,0
lego_build_312.jpg,0
lego_build_313.jpg,0
lego_build_314.jpg,0
lego_build_315.jpg,0
lego_build_317.jpg,0
lego_build_319.jpg,0
lego_build_320.jpg,0
lego_build_321.jpg,0
lego_build_324.jpg,0
lego_build_325.jpg,0
lego_build_326.jpg,0
lego_build_328.jpg,0
lego_build_330.jpg,0
lego_build_331.jpg,0
lego_build_332.jpg,0
lego_build_333.jpg,0
lego_build_334.jpg,0
lego_build_335.jpg,0
lego_build_337.jpg,0
lego_build_338.jpg,0
lego_build_339.jpg,0
lego_build_342.jpg,0
lego_build_344.jpg,0
lego_build_345.jpg,0
lego_build_347.jpg,0
lego_build_348.jpg,0
lego_build_349.jpg,0
lego_build_352.jpg,0
lego_build_355.jpg,0
lego_build_356.jpg,0
lego_build_357.jpg,0
lego_build_358.jpg,0
lego_build_359.jpg,0
lego_build_360.jpg,0
lego_build_361.jpg,0
lego_build_362.jpg,0
lego_build_363.jpg,0
lego_build_365.jpg,0
lego_build_366.jpg,0
lego_build_367.jpg,0
lego_build_368.jpg,0
lego_build_369.jpg,0
lego_build_371.jpg,0
lego_build_372.jpg,0
lego_build_375.jpg,0
lego_build_376.jpg,0
lego_build_377.jpg,0
lego_build_378.jpg,0
lego_build_379.jpg,0
lego_build_381.jpg,0
lego_build_382.jpg,0
lego_build_383.jpg,0
lego_build_384.jpg,0
lego_build_385.jpg,0
lego_build_387.jpg,0
lego_build_388.jpg,0
lego_build_389.jpg,0
lego_build_390.jpg,0
lego_build_391.jpg,0
lego_build_393.jpg,0
lego_build_394.jpg,0
lego_build_395.jpg,0
lego_build_397.jpg,0
lego_build_398.jpg,0
lego_build_399.jpg,0
lego_build_400.jpg,0
lego_build_401.jpg,0
lego_build_403.jpg,0
lego_build_404.jpg,0
lego_build_405.jpg,0
lego_build_407.jpg,0
lego_build_408.jpg,0
lego_build_410.jpg,0
lego_build_412.jpg,0
lego_build_414.jpg,0
lego_build_415.jpg,0
lego_build_417.jpg,0
lego_build_418.jpg,0
lego_build_419.jpg,0
lego_build_420.jpg,0
lego_build_421.jpg,0
lego_build_422.jpg,0
lego_build_423.jpg,0
lego_build_424.jpg,0
lego_build_425.jpg,0
lego_build_426.jpg,0
lego_build_428.jpg,0
lego_build_429.jpg,0
lego_build_430.jpg,0
lego_build_431.jpg,0
lego_build_433.jpg,0
lego_build_434.jpg,0
lego_build_435.jpg,0
lego_build_437.jpg,0
lego_build_438.jpg,0
lego_build_439.jpg,0
lego_build_440.jpg,0
lego_build_441.jpg,0
lego_build_444.jpg,0
lego_build_445.jpg,0
lego_build_446.jpg,0
lego_build_447.jpg,0
lego_build_451.jpg,0
lego_build_453.jpg,0
lego_build_456.jpg,0
lego_build_457.jpg,0
lego_build_459.jpg,0
lego_build_461.jpg,0
lego_build_462.jpg,0
lego_build_463.jpg,0
lego_build_466.jpg,0
lego_build_467.jpg,0
lego_build_468.jpg,0
lego_build_469.jpg,0
lego_build_470.jpg,0
lego_build_471.jpg,0
lego_build_472.jpg,0
